INSERT INTO users (id, name, age) VALUES (1, "grace", 20);
INSERT INTO users (id, name, age) VALUES (2, "nick", 35);
INSERT INTO users (id, name, age) VALUES (3, "barb", 22);
INSERT INTO users (id, name, age) VALUES (4, "dora", 19);
INSERT INTO users (id, name, age) VALUES (5, "anne", 42);
INSERT INTO users (id, name, age) VALUES (6, "kyra", 25);
INSERT INTO users (id, name, age) VALUES (7, "bruce", 45);
INSERT INTO users (id, name, age) VALUES (8, "sarah", 23);
INSERT INTO users (id, name, age) VALUES (9, "william", 35);
INSERT INTO users (id, name, age) VALUES (10, "edna", 25);
INSERT INTO users (id, name, age) VALUES (11, "dom", 30);
INSERT INTO users (id, name, age) VALUES (12, "phil", 29);
INSERT INTO users (id, name, age) VALUES (13, "roger", 34);
INSERT INTO users (id, name, age) VALUES (14, "nate", 35);
INSERT INTO users (id, name, age) VALUES (15, "harriet", 29);
INSERT INTO users (id, name, age) VALUES (16, "rudy", 20);
INSERT INTO users (id, name, age) VALUES (17, "jake", 21);
INSERT INTO users (id, name, age) VALUES (18, "maude", 39);
INSERT INTO users (id, name, age) VALUES (19, "cara", 18);
INSERT INTO users (id, name, age) VALUES (20, "juliet", 25);

INSERT INTO projects (id, title, category, funding_goal, start_date, end_date) VALUES (1, "album", "music", 1000, "may 10", "june 10");
INSERT INTO projects (id, title, category, funding_goal, start_date, end_date) VALUES (2, "painting", "art", 2000, "april 2", "may 2");
INSERT INTO projects (id, title, category, funding_goal, start_date, end_date) VALUES (3, "tattoo project", "art", 3000, "march 5", "july 3");
INSERT INTO projects (id, title, category, funding_goal, start_date, end_date) VALUES (4, "metal album", "music", 3000, "december 8", "january 9");
INSERT INTO projects (id, title, category, funding_goal, start_date, end_date) VALUES (5, "folk album", "music", 2000, "august 2", "september 9");
INSERT INTO projects (id, title, category, funding_goal, start_date, end_date) VALUES (6, "mural", "art", 1000, "june 22", "august 1");
INSERT INTO projects (id, title, category, funding_goal, start_date, end_date) VALUES (7, "jazz album", "music", 3000, "december 5", "january 22");
INSERT INTO projects (id, title, category, funding_goal, start_date, end_date) VALUES (8, "graffiti painting", "art", 2000, "february 8", "march 23");
INSERT INTO projects (id, title, category, funding_goal, start_date, end_date) VALUES (9, "dance performance", "dance", 2000, "december 13", "january 15");
INSERT INTO projects (id, title, category, funding_goal, start_date, end_date) VALUES (10, "ballet project", "dance", 3000, "june 15", "july 22");

INSERT INTO pledges (id, amount, user_id, project_id) VALUES (1, 300.00, 1, 3);
INSERT INTO pledges (id, amount, user_id, project_id) VALUES (2, 200.00, 2, 1);
INSERT INTO pledges (id, amount, user_id, project_id) VALUES (3, 500.00, 8, 10);
INSERT INTO pledges (id, amount, user_id, project_id) VALUES (4, 400.00, 9, 2);
INSERT INTO pledges (id, amount, user_id, project_id) VALUES (5, 200.00, 5, 5);
INSERT INTO pledges (id, amount, user_id, project_id) VALUES (6, 100.00, 8, 3);
INSERT INTO pledges (id, amount, user_id, project_id) VALUES (7, 600.00, 1, 8);
INSERT INTO pledges (id, amount, user_id, project_id) VALUES (8, 200.00, 6, 7);
INSERT INTO pledges (id, amount, user_id, project_id) VALUES (9, 200.00, 8, 9);
INSERT INTO pledges (id, amount, user_id, project_id) VALUES (10, 100.00, 3, 3);
INSERT INTO pledges (id, amount, user_id, project_id) VALUES (11, 500.00, 8, 3);
INSERT INTO pledges (id, amount, user_id, project_id) VALUES (12, 700.00, 1, 5);
INSERT INTO pledges (id, amount, user_id, project_id) VALUES (13, 800.00, 10, 4);
INSERT INTO pledges (id, amount, user_id, project_id) VALUES (14, 300.00, 5, 4);
INSERT INTO pledges (id, amount, user_id, project_id) VALUES (15, 100.00, 3, 9);
INSERT INTO pledges (id, amount, user_id, project_id) VALUES (16, 200.00, 8, 7);
INSERT INTO pledges (id, amount, user_id, project_id) VALUES (17, 400.00, 5, 6);
INSERT INTO pledges (id, amount, user_id, project_id) VALUES (18, 200.00, 9, 8);
INSERT INTO pledges (id, amount, user_id, project_id) VALUES (19, 500.00, 2, 5);
INSERT INTO pledges (id, amount, user_id, project_id) VALUES (20, 250.00, 8, 9);
INSERT INTO pledges (id, amount, user_id, project_id) VALUES (21, 100.00, 3, 6);
INSERT INTO pledges (id, amount, user_id, project_id) VALUES (22, 700.00, 3, 8);
INSERT INTO pledges (id, amount, user_id, project_id) VALUES (23, 600.00, 6, 7);
INSERT INTO pledges (id, amount, user_id, project_id) VALUES (24, 200.00, 4, 5);
INSERT INTO pledges (id, amount, user_id, project_id) VALUES (25, 700.00, 8, 6);
INSERT INTO pledges (id, amount, user_id, project_id) VALUES (26, 200.00, 4, 6);
INSERT INTO pledges (id, amount, user_id, project_id) VALUES (27, 200.00, 8, 7);
INSERT INTO pledges (id, amount, user_id, project_id) VALUES (28, 200.00, 4, 5);
INSERT INTO pledges (id, amount, user_id, project_id) VALUES (29, 500.00, 2, 8);
INSERT INTO pledges (id, amount, user_id, project_id) VALUES (30, 600.00, 5, 4);


